,0
0,https://www.deliciousmagazine.co.uk/recipes/spiced-coconut-pastries/
1,https://www.deliciousmagazine.co.uk/recipes/salmon-biryani/
2,https://www.deliciousmagazine.co.uk/recipes/onion-bhajis-yogurt-dip/
3,https://www.deliciousmagazine.co.uk/recipes/falafel-curry/
4,https://www.deliciousmagazine.co.uk/recipes/tomato-tamarind-fish-curry/
5,https://www.deliciousmagazine.co.uk/recipes/spiced-rum-chai/
6,https://www.deliciousmagazine.co.uk/recipes/vegan-coconut-curry/
7,https://www.deliciousmagazine.co.uk/recipes/rose-pistachio-gulab-jamun/
8,https://www.deliciousmagazine.co.uk/recipes/keema-pav-brussels-sprouts/
9,https://www.deliciousmagazine.co.uk/recipes/pumpkin-coconut-pilau/
10,https://www.deliciousmagazine.co.uk/recipes/party-pani-puri/
11,https://www.deliciousmagazine.co.uk/recipes/ultimate-creamy-chicken-korma/
12,https://www.deliciousmagazine.co.uk/recipes/dishoom-masala-chai/
13,https://www.deliciousmagazine.co.uk/recipes/dishooms-green-vada-coriander-mint-chutney/
14,https://www.deliciousmagazine.co.uk/recipes/dishoom-chicken-berry-britannia-biryani/
15,https://www.deliciousmagazine.co.uk/recipes/dishoom-gunpowder-potatoes/
16,https://www.deliciousmagazine.co.uk/recipes/dishoom-bhel/
17,https://www.deliciousmagazine.co.uk/recipes/dishoom-akuri-scrambled-eggs/
18,https://www.deliciousmagazine.co.uk/recipes/dishoom-prawn-koliwada/
19,https://www.deliciousmagazine.co.uk/recipes/dishoom-kebab-masala/
20,https://www.deliciousmagazine.co.uk/recipes/freezer-friendly-chicken-tikka-masala/
21,https://www.deliciousmagazine.co.uk/recipes/aromatic-egg-spinach-and-potato-curry/
22,https://www.deliciousmagazine.co.uk/recipes/fragrant-curry-sauce/
23,https://www.deliciousmagazine.co.uk/recipes/spicy-salmon-aubergine-curry/
24,https://www.deliciousmagazine.co.uk/recipes/easy-bengali-fish-curry/
25,https://www.deliciousmagazine.co.uk/recipes/potato-and-paneer-curry/
26,https://www.deliciousmagazine.co.uk/recipes/chickpea-dhal-naan-bread-crisps/
27,https://www.deliciousmagazine.co.uk/recipes/kashmiri-lamb-meatballs-with-prunes/
28,https://www.deliciousmagazine.co.uk/recipes/spiced-onion-fritters-with-poached-eggs/
29,https://www.deliciousmagazine.co.uk/recipes/south-indian-style-fish-curry/
30,https://www.deliciousmagazine.co.uk/recipes/lamb-chickpea-sikandari/
31,https://www.deliciousmagazine.co.uk/recipes/vegetarian-cumin-paneer-salad/
32,https://www.deliciousmagazine.co.uk/recipes/chicken-potato-pickling-spices/
33,https://www.deliciousmagazine.co.uk/recipes/chana-dal-okra-coconut/
34,https://www.deliciousmagazine.co.uk/recipes/masala-cauliflower-potatoes/
35,https://www.deliciousmagazine.co.uk/recipes/hot-and-spicy-coconut-prawns/
36,https://www.deliciousmagazine.co.uk/recipes/masala-recovery-scrambled-eggs/
37,https://www.deliciousmagazine.co.uk/recipes/mughlai-paneer-kofta-curry/
38,https://www.deliciousmagazine.co.uk/recipes/how-to-make-indian-samosas/
39,https://www.deliciousmagazine.co.uk/recipes/coconut-chicken-rice/
40,https://www.deliciousmagazine.co.uk/recipes/aubergine-and-tofu-curry/
41,https://www.deliciousmagazine.co.uk/recipes/kitchari/
42,https://www.deliciousmagazine.co.uk/recipes/paneer-pickled-cucumber/
43,https://www.deliciousmagazine.co.uk/recipes/naan-pizzas/
44,https://www.deliciousmagazine.co.uk/recipes/dosa-pancakes/
45,https://www.deliciousmagazine.co.uk/recipes/chicken-tikka-masala/
46,https://www.deliciousmagazine.co.uk/recipes/cheats-tandoori-chicken-with-cucumber-rice-salad/
47,https://www.deliciousmagazine.co.uk/recipes/griddled-bajan-spiced-prawn-wraps-tomato-sauce/
48,https://www.deliciousmagazine.co.uk/recipes/kimchi-parathas/
49,https://www.deliciousmagazine.co.uk/recipes/paneer-gnudi-saag/
50,https://www.deliciousmagazine.co.uk/recipes/confit-salmon-chutney-pomegranate-pistachio-chaat/
51,https://www.deliciousmagazine.co.uk/recipes/spinach-dhal-cauliflower-squash/
52,https://www.deliciousmagazine.co.uk/recipes/lentil-and-kidney-bean-dhal-with-fried-lamb-chops/
53,https://www.deliciousmagazine.co.uk/recipes/honey-and-mustard-baked-chicken-and-rice/
54,https://www.deliciousmagazine.co.uk/recipes/spiced-courgette-fritters-with-mint-and-jalapeno-dip/
55,https://www.deliciousmagazine.co.uk/recipes/lemon-rice-2/
56,https://www.deliciousmagazine.co.uk/recipes/curry-spiced-sauteed-potatoes-2/
57,https://www.deliciousmagazine.co.uk/recipes/saag-paneer-curry/
58,https://www.deliciousmagazine.co.uk/recipes/carrot-sweet-potato-and-feta-fritters/
59,https://www.deliciousmagazine.co.uk/recipes/lisa-markwells-indian-chicken-and-chips/
60,https://www.deliciousmagazine.co.uk/recipes/spiced-chicken-skewers-with-apple-pea-chutney/
61,https://www.deliciousmagazine.co.uk/recipes/30-minute-chicken-and-cauliflower-curry/
62,https://www.deliciousmagazine.co.uk/recipes/leek-and-pea-dumpling-curry/
63,https://www.deliciousmagazine.co.uk/recipes/curried-chicken-wraps/
64,https://www.deliciousmagazine.co.uk/recipes/sweet-potato-and-chickpea-curry/
65,https://www.deliciousmagazine.co.uk/recipes/prawn-tikka-bites/
66,https://www.deliciousmagazine.co.uk/recipes/curried-parsnip-soup/
67,https://www.deliciousmagazine.co.uk/recipes/chicken-and-beetroot-curry/
68,https://www.deliciousmagazine.co.uk/recipes/masala-malabar-prawns/
69,https://www.deliciousmagazine.co.uk/recipes/sweet-potato-okra-and-chickpea-curry/
70,https://www.deliciousmagazine.co.uk/recipes/dhal-chilla/
71,https://www.deliciousmagazine.co.uk/recipes/corn-chaat/
72,https://www.deliciousmagazine.co.uk/recipes/prawn-sweet-potato-and-okra-curry/
73,https://www.deliciousmagazine.co.uk/recipes/sambhar/
74,https://www.deliciousmagazine.co.uk/recipes/okra-and-potato-curry/
75,https://www.deliciousmagazine.co.uk/recipes/beef-keema/
76,https://www.deliciousmagazine.co.uk/recipes/spiced-cauliflower-dhal/
77,https://www.deliciousmagazine.co.uk/recipes/freezable-chicken-curry-puffs/
78,https://www.deliciousmagazine.co.uk/recipes/tandoori-style-chicken/
79,https://www.deliciousmagazine.co.uk/recipes/mini-paneer-kathi-rolls/
80,https://www.deliciousmagazine.co.uk/recipes/indian-spiced-vegetable-frittata/
81,https://www.deliciousmagazine.co.uk/recipes/spice-roasted-carrots-with-paneer-and-sesame/
82,https://www.deliciousmagazine.co.uk/recipes/lisa-faulkners-sunshine-prawns-with-feta-flatbreads/
83,https://www.deliciousmagazine.co.uk/recipes/the-loyal-lentil-curry/
84,https://www.deliciousmagazine.co.uk/recipes/sattu-parathas/
85,https://www.deliciousmagazine.co.uk/recipes/vegetable-curry-with-lime-rice/
86,https://www.deliciousmagazine.co.uk/recipes/parsnip-and-carrot-dhal/
87,https://www.deliciousmagazine.co.uk/recipes/indian-paneer-and-cabbage-curry/
88,https://www.deliciousmagazine.co.uk/recipes/carrot-halwa-spring-rolls/
89,https://www.deliciousmagazine.co.uk/recipes/chetna-makans-three-chocolate-and-cardamom-cake/
90,https://www.deliciousmagazine.co.uk/recipes/nihari-lamb/
91,https://www.deliciousmagazine.co.uk/recipes/dan-dohertys-scotch-bhaji/
92,https://www.deliciousmagazine.co.uk/recipes/pistachio-kulfi-ice-lollies/
93,https://www.deliciousmagazine.co.uk/recipes/curry-spiced-potted-crab/
94,https://www.deliciousmagazine.co.uk/recipes/coronation-chicken-with-kitchiri-rice-salad/
95,https://www.deliciousmagazine.co.uk/recipes/quick-paneer-and-chickpea-curry/
